ebook_id,story_name,line_start_in,line_end_ex
677,perseus,316,367
677,perseus,370,443
677,perseus,450,767
677,perseus,774,1044
677,perseus,1051,1201
677,perseus,1204,1405
677,perseus,1412,1558
677,the_argonauts,1569,1604
677,the_argonauts,1607,1784
677,the_argonauts,1787,1829
677,the_argonauts,1836,1951
677,the_argonauts,1954,2127
677,the_argonauts,2134,2238
677,the_argonauts,2245,2924
677,the_argonauts,2927,2957
677,the_argonauts,2964,3711
677,the_argonauts,3718,3790
677,theseus,3801,3878
677,theseus,3881,3927
677,theseus,3934,4718
677,theseus,4725,4855
677,theseus,4858,4875
677,theseus,4882,4937
677,theseus,4940,4953
2892,the_story_of_tuan_mac_cairill,64,109
2892,the_story_of_tuan_mac_cairill,114,201
2892,the_story_of_tuan_mac_cairill,206,275
2892,the_story_of_tuan_mac_cairill,280,342
2892,the_story_of_tuan_mac_cairill,347,427
2892,the_story_of_tuan_mac_cairill,432,503
2892,the_story_of_tuan_mac_cairill,508,554
2892,the_story_of_tuan_mac_cairill,559,608
2892,the_story_of_tuan_mac_cairill,613,691
2892,the_story_of_tuan_mac_cairill,696,745
2892,the_boyhood_of_fionn,766,846
2892,the_boyhood_of_fionn,851,911
2892,the_boyhood_of_fionn,916,960
2892,the_boyhood_of_fionn,965,1035
2892,the_boyhood_of_fionn,1040,1115
2892,the_boyhood_of_fionn,1120,1183
2892,the_boyhood_of_fionn,1188,1282
2892,the_boyhood_of_fionn,1287,1439
2892,the_boyhood_of_fionn,1444,1548
2892,the_boyhood_of_fionn,1553,1712
2892,the_boyhood_of_fionn,1717,1840
2892,the_boyhood_of_fionn,1845,1948
2892,the_boyhood_of_fionn,1953,2095
2892,the_boyhood_of_fionn,2100,2212
2892,the_birth_of_bran,2222,2290
2892,the_birth_of_bran,2295,2406
2892,the_birth_of_bran,2411,2493
2892,the_birth_of_bran,2498,2602
2892,the_birth_of_bran,2607,2689
2892,oisins_mother,2698,2789
2892,oisins_mother,2794,2919
2892,oisins_mother,2924,3036
2892,oisins_mother,3041,3113
2892,oisins_mother,3118,3191
2892,oisins_mother,3196,3236
2892,oisins_mother,3241,3289
2892,the_wooing_of_becfola,3299,3493
2892,the_wooing_of_becfola,3498,3648
2892,the_wooing_of_becfola,3653,3759
2892,the_wooing_of_becfola,3764,3830
2892,the_wooing_of_becfola,3835,3964
2892,the_little_brawl_at_allen,3974,4081
2892,the_little_brawl_at_allen,4090,4288
2892,the_little_brawl_at_allen,4293,4421
2892,the_carl_of_the_drab_coat,4431,4584
2892,the_carl_of_the_drab_coat,4589,4665
2892,the_carl_of_the_drab_coat,4670,4716
2892,the_carl_of_the_drab_coat,4721,4778
2892,the_carl_of_the_drab_coat,4783,4903
2892,the_carl_of_the_drab_coat,4908,4990
2892,the_carl_of_the_drab_coat,4995,5099
2892,the_carl_of_the_drab_coat,5104,5183
2892,the_enchanted_cave_of_cesh_corran,5193,5233
2892,the_enchanted_cave_of_cesh_corran,5238,5320
2892,the_enchanted_cave_of_cesh_corran,5325,5393
2892,the_enchanted_cave_of_cesh_corran,5398,5471
2892,the_enchanted_cave_of_cesh_corran,5476,5547
2892,the_enchanted_cave_of_cesh_corran,5552,5642
2892,becuma_of_the_white_skin,5652,5729
2892,becuma_of_the_white_skin,5734,5788
2892,becuma_of_the_white_skin,5793,5885
2892,becuma_of_the_white_skin,5890,5969
2892,becuma_of_the_white_skin,5974,6048
2892,becuma_of_the_white_skin,6053,6140
2892,becuma_of_the_white_skin,6145,6261
2892,becuma_of_the_white_skin,6266,6384
2892,becuma_of_the_white_skin,6389,6476
2892,becuma_of_the_white_skin,6481,6629
2892,mongans_frenzy,6638,6694
2892,mongans_frenzy,6699,6755
2892,mongans_frenzy,6760,6792
2892,mongans_frenzy,6797,6869
2892,mongans_frenzy,6874,6922
2892,mongans_frenzy,6927,7012
2892,mongans_frenzy,7016,7149
2892,mongans_frenzy,7154,7212
2892,mongans_frenzy,7217,7266
2892,mongans_frenzy,7271,7349
2892,mongans_frenzy,7354,7452
2892,mongans_frenzy,7457,7533
2892,mongans_frenzy,7538,7627
2892,mongans_frenzy,7632,7735
2892,mongans_frenzy,7740,7833
2892,mongans_frenzy,7838,7886
2892,mongans_frenzy,7891,7961
2892,mongans_frenzy,7966,8085
2892,mongans_frenzy,8090,8203
2892,mongans_frenzy,8208,8361
4018,my_lord_bag_of_rice,127,364
4018,the_tongue_cut_sparrow,371,510
4018,the_tongue_cut_sparrow,514,706
4018,the_story_of_urashima_taro_the_fisher_lad,713,885
4018,the_story_of_urashima_taro_the_fisher_lad,889,1180
4018,the_farmer_and_the_badger,1187,1418
4018,the_shinansha_or_the_south_pointing_carriage,1425,1553
4018,the_adventures_of_kintaro_the_golden_boy,1560,1920
4018,the_story_of_princess_hase,1928,2231
4018,the_story_of_the_man_who_did_not_wish_to_die,2238,2510
4018,the_bamboo_cutter_and_the_moon_child,2517,3075
4018,the_mirror_of_matsuyama,3083,3600
4018,the_goblin_of_adachigahara,3607,3784
4018,the_sagacious_monkey_and_the_boar,3791,3889
4018,the_happy_hunter_and_the_skillful_fisher,3896,4521
4018,the_story_of_the_old_man_who_made_withered_trees_to_flower,4528,4813
4018,the_jelly_fish_and_the_monkey,4820,5178
4018,the_quarrel_of_the_monkey_and_the_crab,5185,5453
4018,the_white_hare_and_the_crocodiles,5460,5705
4018,the_story_of_prince_yamato_take,5712,6238
4018,momotaro_or_the_story_of_the_son_of_a_peach,6245,6759
4018,the_ogre_of_rashomon,6766,7006
4018,how_an_old_man_lost_his_wen,7013,7241
4018,the_stones_of_five_colors_and_the_empress_jokwa,7249,7575
4357,the_box_of_robbers,56,464
4357,the_glass_dog,471,851
4357,the_queen_of_quok,858,1248
4357,the_girl_who_owned_a_bear,1255,1585
4357,the_enchanted_types,1592,1852
4357,the_laughing_hippopotamus,1859,2254
4357,the_magic_bon_bons,2261,2531
4357,the_capture_of_father_tim,2538,2875
4357,the_wonderful_pump,2882,3289
4357,the_dummy_that_lived,3296,3631
4357,the_king_of_the_polar_bears,3638,3842
4357,the_mandarin_and_the_butterfly,3849,4144
6622,hiawatha,248,396
6622,beowulf,407,783
6622,childe_horn,792,1355
6622,rustem_and_sohrab,1464,2536
6622,the_seven_sleepers_of_ephesus,2548,2584
6622,the_seven_sleepers_of_ephesus,2587,2681
6622,guy_of_warwick,2690,3363
6622,the_fate_of_the_children_of_lir,3699,4318
6622,prester_john,4395,4670
6622,the_beato_torello_da_poppi,5303,5466
6622,rip_van_winkle,5834,6445
6622,the_gray_champion,6454,6741
6622,the_legend_of_sleepy_hollow,6751,7808
7128,the_lion_and_the_crane,333,382
7128,how_the_rajas_son_won_the_princess_labam,391,479
7128,how_the_rajas_son_won_the_princess_labam,482,489
7128,how_the_rajas_son_won_the_princess_labam,492,736
7128,how_the_rajas_son_won_the_princess_labam,739,802
7128,the_lambikin,809,816
7128,the_lambikin,819,829
7128,the_lambikin,832,843
7128,the_lambikin,846,867
7128,the_lambikin,870,921
7128,punchkin,930,1400
7128,punchkin,1403,1432
7128,the_broken_pot,1439,1455
7128,the_broken_pot,1458,1469
7128,the_magic_fiddle,1476,1496
7128,the_magic_fiddle,1499,1604
7128,the_cruel_cane_outwitted,1615,1741
7128,loving_laili,1750,1834
7128,loving_laili,1837,2148
7128,loving_laili,2151,2164
7128,the_tiger_the_brahman_and_the_jackal,2173,2290
7128,the_soothsayers_son,2297,2370
7128,the_soothsayers_son,2373,2680
7128,harisarman,2689,2703
7128,harisarman,2706,2794
7128,the_charmed_ring,2801,2997
7128,the_charmed_ring,3000,3065
7128,the_talkative_tortoise,3072,3109
7128,the_talkative_tortoise,3112,3146
7128,a_lac_of_rupees_for_a_bit_of_advice,3155,3390
7128,the_gold_giving_serpent,3397,3425
7128,the_gold_giving_serpent,3428,3441
7128,the_son_of_seven_queens,3448,3468
7128,the_son_of_seven_queens,3471,3603
7128,the_son_of_seven_queens,3606,3737
7128,the_son_of_seven_queens,3740,3762
7128,a_lesson_for_kings,3771,3881
7128,pride_goeth_before_a_fall,3888,3935
7128,pride_goeth_before_a_fall,3940,3951
7128,pride_goeth_before_a_fall,3956,3971
7128,raja_rasalu,3978,4328
7128,raja_rasalu,4331,4407
7128,the_ass_in_the_lions_skin,4416,4456
7128,the_farmer_and_the_money_lender,4463,4526
7128,the_farmer_and_the_money_lender,4529,4553
7128,the_boy_who_had_a_moon_on_his_forehead_and_a_star_on_his_chin,4560,4802
7128,the_boy_who_had_a_moon_on_his_forehead_and_a_star_on_his_chin,4805,4866
7128,the_boy_who_had_a_moon_on_his_forehead_and_a_star_on_his_chin,4869,5220
7128,the_prince_and_the_fakir,5227,5254
7128,the_prince_and_the_fakir,5257,5410
7128,why_the_fish_laughed,5419,5639
7128,why_the_fish_laughed,5642,5650
7128,the_demon_with_the_matted_hair,5665,5736
7128,the_demon_with_the_matted_hair,5739,5783
7128,the_ivory_city_and_its_fairy_princess,5809,6381
7128,how_sun_moon_and_wind_went_out_to_dinner,6390,6437
7128,how_the_wicked_sons_were_duped,6444,6474
7128,the_pigeon_and_the_crow,6483,6564
7439,tom_tit_tot,218,457
7439,the_three_sillies,463,572
7439,the_rose_tree,578,686
7439,the_old_woman_and_her_pig,692,761
7439,how_jack_went_to_seek_his_fortune,767,867
7439,mr_vinegar,873,983
7439,nix_nought_nothing,989,1142
7439,jack_hannaford,1148,1244
7439,binnorie,1250,1335
7439,cap_o_rushes,1399,1591
7439,teeny_tiny,1597,1636
7439,jack_and_the_beanstalk,1642,1901
7439,the_story_of_the_three_little_pigs,1912,2038
7439,the_master_and_his_pupil,2044,2118
7439,jack_and_his_golden_snuff_box,2214,2503
7439,the_story_of_the_three_bears,2509,2650
7439,jack_the_giant_killer,2656,3023
7439,henny_penny,3029,3108
7439,childe_rowland,3114,3313
7439,molly_whuppie,3319,3438
7439,the_red_ettin,3444,3603
7439,the_golden_arm,3609,3641
7439,the_history_of_tom_thumb,3647,3845
7439,mr_fox,3851,3962
7439,lazy_jack,3968,4028
7439,johnny_cake,4034,4119
7439,earl_mars_daughter,4125,4231
7439,mr_miacca,4237,4307
7439,whttington_and_his_cat,4313,4620
7439,the_laidly_worm_of_spindleston_heugh,4741,4862
7439,the_fish_and_the_ring,4920,5033
7439,the_magpies_nest,5044,5094
7439,kate_crackernuts,5100,5203
7439,the_cauld_lad_of_hilton,5209,5254
7439,the_ass_the_table_and_the_stick,5260,5373
7439,fairy_ointment,5379,5453
7439,the_well_of_the_worlds_end,5459,5586
7439,master_of_all_masters,5592,5638
7439,the_three_heads_of_the_well,5644,5791
7488,the_star_eyed_deirdre,131,402
7488,the_star_eyed_deirdre,405,670
7488,the_star_eyed_deirdre,676,952
7488,the_star_eyed_deirdre,955,1016
7488,the_four_white_swans,1022,1083
7488,the_four_white_swans,1086,1122
7488,the_four_white_swans,1125,1173
7488,the_four_white_swans,1177,1205
7488,the_four_white_swans,1208,1325
7488,the_four_white_swans,1328,1411
7488,the_four_white_swans,1415,1462
7488,the_four_white_swans,1465,1550
7488,the_four_white_swans,1553,1648
7488,dermat_and_grania,1654,1681
7488,dermat_and_grania,1684,1749
7488,dermat_and_grania,1752,1843
7488,dermat_and_grania,1846,2019
7488,dermat_and_grania,2022,2323
7488,dermat_and_grania,2326,2545
7871,the_entangled_mermaid,112,320
7871,the_boy_who_wanted_more_cheese,327,518
7871,the_princess_with_twenty_petticoats,525,723
7871,the_cat_and_the_cradle,733,949
7871,prince_spin_head_and_snow_white,956,1182
7871,the_boar_with_the_golden_bristles,1189,1367
7871,the_ice_king_and_his_wonderful_grandchild,1374,1457
7871,the_ice_king_and_his_wonderful_grandchild,1461,1533
7871,the_elves_and_their_antics,1540,1813
7871,the_kabouters_and_the_bells,1820,1836
7871,the_kabouters_and_the_bells,1839,2109
7871,the_woman_with_three_hundred_and_sixty_six_children,2116,2258
7871,the_woman_with_three_hundred_and_sixty_six_children,2274,2393
7871,the_oni_on_his_travels,2400,2637
7871,the_legend_of_the_wooden_shoe,2644,2843
7871,the_legend_of_the_wooden_shoe,2846,2892
7871,the_curly_tailed_lion,2899,3144
7871,brabo_and_the_giant,3151,3321
7871,the_farm_that_ran_away_and_came_back,3328,3566
7871,santa_klaas_and_black_pete,3573,3722
7871,santa_klaas_and_black_pete,3725,3737
7871,the_goblins_turned_to_stone,3744,3896
7871,the_goblins_turned_to_stone,3899,3920
7871,the_mouldy_penny,3927,4219
7871,the_golden_helmet,4226,4262
7871,the_golden_helmet,4266,4461
7871,when_wheat_worked_woe,4468,4705
7871,why_the_stork_loves_holland,4712,4966
7885,connla_and_the_fairy_maiden,244,333
7885,guleesh,339,905
7885,the_field_of_boliauns,911,1022
7885,the_horned_women,1027,1132
7885,conall_yellowclaw,1137,1500
7885,hudden_and_dudden_and_donald_oneary,1505,1798
7885,the_shepherd_of_myddvai,1803,1894
7885,the_sprightly_tailor,1899,1977
7885,the_story_of_deirdre,1982,2479
7885,munachar_and_manachar,2485,2589
7885,gold_tree_and_silver_tree,2595,2756
7885,king_otoole_and_his_goose,2762,2923
7885,the_wooing_of_olwen,2929,3307
7885,jack_and_his_comrades,3313,3587
7885,the_shee_an_gannon_and_the_gruagach_gaire,3593,3857
7885,the_story_teller_at_fault,3863,4289
7885,the_sea_maiden,4295,4573
7885,a_legend_of_knockmany,4579,4921
7885,fair_brown_and_trembling,4927,5294
7885,jack_and_his_master,5300,5600
7885,beth_gellert,5606,5650
7885,the_tale_of_ivan,5656,5797
7885,andrew_coffey,5803,5950
7885,the_battle_of_the_birds,5956,6514
7885,brewery_of_eggshells,6520,6569
7885,the_lad_with_the_goat_skin,6575,6853
8599,the_king_of_persia_and_the_princess_of_the_sea,84,696
8599,prince_beder_and_the_princess_giauhara,705,2187
8599,the_three_princes_and_the_princess_nouronnihar,2196,2818
8599,prince_ahmed_and_the_fairy,2827,3876
8599,prince_camaralzaman_and_the_princess_of_china,3885,5256
8599,the_loss_of_the_talisman,5265,6100
8599,the_story_of_zobeide_told_by_herself,6110,6485
8599,the_story_of_the_kings_son,6495,7299
8599,the_first_voyage_of_sinbad_the_sailor,7309,7477
8599,the_second_voyage_of_sinbad_the_sailor,7487,7683
8599,the_third_voyage_of_sinbad_the_sailor,7692,7978
8599,the_fourth_voyage_of_sinbad_the_sailor,7987,8310
8599,the_fifth_voyage_of_sinbad_the_sailor,8319,8515
8599,the_sixth_voyage_of_sinbad_the_sailor,8524,8814
8599,the_seventh_and_last_voyage_of_sinbad_the_sailor,8823,9050
8675,the_fairies_of_caragonan,113,169
8675,the_fairies_of_caragonan,174,197
8675,the_fairies_of_caragonan,202,258
8675,the_fairies_of_caragonan,263,303
8675,the_fairies_of_caragonan,308,336
8675,the_fairies_of_caragonan,341,364
8675,the_fairies_of_caragonan,369,376
8675,the_craig_y_don_blacksmith,382,412
8675,old_gwilym,418,453
8675,the_baby_farmer,459,478
8675,the_old_man_and_the_fairies,484,519
8675,tommy_pritchard,525,541
8675,kaddys_luck,547,564
8675,the_story_of_gelert,573,632
8675,origin_of_the_welsh,638,721
8675,origin_of_the_welsh,724,787
8675,crows,804,861
8675,robert_roberts_and_the_fairies,867,884
8675,the_fairy_of_the_dell,890,934
8675,the_fairy_of_the_dell,939,1125
8675,ellens_luck,1131,1142
8675,the_fairies_mint,1148,1173
8675,the_pellings,1179,1210
8675,the_pellings,1218,1225
8675,the_long_lived_ancestors,1241,1289
8675,the_giantesss_apron_full,1295,1310
8675,gwrgan_farfdrwchs_fable,1316,1329
8675,the_story_of_the_pig_trough,1335,1362
8675,billy_duffy_and_the_devil,1368,1592
8675,the_story_of_john_ogroats,1598,1620
8675,the_story_of_john_ogroats,1623,1712
8675,the_story_of_john_ogroats,1715,1772
8675,evas_luck,1778,1804
8675,the_fishermen_of_shetland,1810,2030
9368,welsh_rabbit_and_hunted_hares,138,213
9368,the_mighty_monster_afang,223,462
9368,the_two_cat_witches,472,609
9368,how_the_cymry_land_became_inhabited,619,880
9368,the_boy_that_was_named_trouble,890,1031
9368,the_golden_harp,1041,1088
9368,the_golden_harp,1091,1228
9368,the_great_red_dragon_of_wales,1238,1572
9368,the_touch_of_clay,1582,1770
9368,the_touch_of_iron,1780,1999
9368,the_maiden_of_the_green_forest,2009,2181
9368,the_treasure_stone_of_the_fairies,2191,2377
9368,giant_tom_and_giant_blubb,2387,2611
9368,a_boy_that_visited_fairyland,2621,2688
9368,a_boy_that_visited_fairyland,2691,2850
9368,the_welshery_and_the_normans,2860,3129
9368,the_welsh_fairies_hold_a_meeting,3139,3360
9368,king_arthurs_cave,3370,3629
9368,the_lady_of_the_lake,3639,3688
9368,the_lady_of_the_lake,3691,3906
9368,the_kings_foot_holder,3916,4136
9368,powell_prince_of_dyfed,4146,4311
9368,powell_and_his_bride,4321,4520
9368,why_the_back_door_was_front,4530,4703
9368,the_red_bandits_of_montgomery,4713,4885
9368,the_fairy_congress,4895,5078
9368,the_sword_of_avalon,5088,5212
11319,the_fairy_godmothers,110,345
11319,the_fairy_godmothers,348,630
11319,the_fairy_godmothers,633,1191
11319,the_fairy_godmothers,1194,1327
11319,the_fairy_godmothers,1330,1364
11319,the_fairy_godmothers,1367,1402
11319,the_fairy_godmothers,1405,1520
11319,the_fairy_godmothers,1523,15454
11319,the_fairy_godmothers,1548,1628
11319,the_fairy_godmothers,1631,1636
11319,the_fairy_godmothers,1639,1653
11319,joachim_the_mimic,1660,2097
11319,joachim_the_mimic,2100,2264
11319,darkness_and_light,2273,2371
11319,darkness_and_light,2374,2709
11319,darkness_and_light,2712,3241
11319,the_love_of_god,3254,3465
11319,the_love_of_god,3469,3985
11319,the_love_of_god,3988,4034
11319,the_love_of_god,4037,4055
14916,the_story_of_aladdin_or_the_wonderful_lamp,1767,3388
14916,the_history_of_ali_baba_and_of_the_forty_robbers_killed_by_one_slave,3397,4222
14916,the_white_cat,4408,4853
14916,the_fair_one_with_the_golden_locks,5274,5621
14916,tom_thumb,5630,5844
14916,blue_beard,5853,6032
14916,cinderella_or_the_little_glass_slipper,6041,6275
14916,puss_in_boots,6284,6430
14916,the_sleeping_beauty_in_the_wood,6439,6603
14916,jack_and_the_bean_stalk,6612,7024
14916,jack_the_giant_killer,7033,7480
14916,little_red_riding_hood,7489,7549
14916,the_three_bears,7558,7640
14916,the_light_princess,8080,8112
14916,the_light_princess,8118,8174
14916,the_light_princess,8180,8240
14916,the_light_princess,8246,8312
14916,the_light_princess,8318,8447
14916,the_light_princess,8453,8527
14916,the_light_princess,8533,8702
14916,the_light_princess,8708,8826
14916,the_light_princess,8832,9058
14916,the_light_princess,9064,9178
14916,the_light_princess,9184,9318
14916,the_light_princess,9324,9395
14916,the_light_princess,9401,9533
14916,the_light_princess,9539,9771
14916,the_light_princess,9777,9860
14916,beauty_and_the_beast,9869,10319
15145,the _goose_girl,210,278
15145,the _goose_girl,281,330
15145,the _goose_girl,333,409
15145,the _goose_girl,413,453
15145,little_snow_white,462,500
15145,little_snow_white,503,532
15145,little_snow_white,535,569
15145,little_snow_white,573,601
15145,little_snow_white,604,674
15145,princess_goldenhair,945,956
15145,princess_goldenhair,960,1016
15145,princess_goldenhair,1019,1068
15145,princess_goldenhair,1071,1194
15145,little_red_riding_hood2,1205,1220
15145,little_red_riding_hood2,1224,1251
15145,little_red_riding_hood2,1255,1352
15145,the_white_fawn,1364,1404
15145,the_white_fawn,1407,1475
15145,the_white_fawn,1478,1536
15145,the_white_fawn,1540,1575
15145,the_white_fawn,1579,1610
15145,the_white_fawn,1613,1736
15145,the_white_fawn,1739,1741
15145,snow_white_and_rose_red,2019,2070
15145,snow_white_and_rose_red,2073,2104
15145,snow_white_and_rose_red,2107,2242
15145,snow_white_and_rose_red,2246,2286
15145,snow_white_and_rose_red,2289,2298
15145,prince_cheri,2442,2464
15145,prince_cheri,2467,2470
15145,prince_cheri,2473,2548
15145,prince_cheri,2552,2578
15145,prince_cheri,2581,2610
15145,prince_cheri,2613,2641
15145,prince_cheri,2645,2661
15145,the_white_cat2,2670,2686
15145,the_white_cat2,2690,2773
15145,the_white_cat2,2776,2841
15145,the_white_cat2,2844,2897
15145,the_white_cat2,2901,2939
15145,bluebeard2,2948,2998
15145,bluebeard2,3001,3043
15145,bluebeard2,3047,3113
15145,beauty_and_the_beast2,3124,3208
15145,beauty_and_the_beast2,3211,3238
15145,beauty_and_the_beast2,3241,3261
15145,beauty_and_the_beast2,3265,3311
15145,beauty_and_the_beast2,3315,3357
15145,beauty_and_the_beast2,3360,3368
15145,tufty_riquet,3377,3402
15145,tufty_riquet,3405,3464
15145,tufty_riquet,3467,3519
15145,tufty_riquet,3522,3543
15145,tufty_riquet,3546,3591
15164,why_the_sea_is_salt,544,729
15164,the_lad_who_went_to_the_north_wind,738,874
15164,the_lad_and_the_deil,883,925
15164,ananzi_and_the_lion,934,1066
15164,the_grateful_foxes,1075,1295
15164,the_grateful_foxes,1298,1356
15164,the_badgers_money,1393,1535
15164,the_origin_of_rubies,1703,1824
15164,long_broad_and_sharpsight,1836,2163
15164,intelligence_and_luck,2172,2274
15164,george_with_the_goat,2283,2415
15164,the_wonderful_hair,2424,2496
15164,the_dragon_and_the_prince,2505,2699
15164,the_good_children,2713,2816
15164,the_dun_horse,2827,2848
15164,the_dun_horse,2852,2935
15164,the_dun_horse,2939,2978
15164,the_dun_horse,2982,3011
15164,the_dun_horse,3015,3043
15164,the_greedy_youngster,3057,3482
15164,hans_who_made_the_princess_laugh,3491,3687
15164,the_peasant_story_of_napoleon,3957,4554
16537,the_three_golden_apples,341,1050
16537,the_pomegranate_seeds,1059,2153
16537,the_chimera,2162,2937
16537,the_golden_touch,2946,3541
16537,the_gorgons_head,3550,4393
16537,the_dragons_teeth,4402,5425
16537,the_miraculous_pitcher,5435,6119
16537,the_paradise_of_children,6128,6700
16537,the_cyclops,6709,7007
16537,the_argonauts,7020,7279
16537,the_argonauts,7285,7576
16537,the_argonauts,7582,7687
16537,the_argonauts,7693,8406
16537,the_argonauts,8412,8483
16537,the_argonauts,8486,8512
16537,the_argonauts,8521,8547
16537,the_argonauts,8550,9176
16537,the_argonauts,9182,9253
16537,the_giant_builder,9262,9523
16537,how_odin_lost_his_eye,9532,9713
16537,the_quest_of_the_hammer,9722,10143
16537,the_apples_of_idun,10152,10328
16537,the_death_of_balder,10338,10666
16537,the_star_and_the_lily,10675,10762
17034,st_george_of_merrie_england,303,629
17034,st_george_of_merrie_england,633,723
17034,the_story_of_the_three_bears,730,858
17034,the_story_of_the_three_bears,861,876
17034,tom_tit_tot,886,940
17034,tom_tit_tot,943,1010
17034,tom_tit_tot,1013,1225
17034,the_golden_snuff_box,1235,1632
17034,the_golden_snuff_box,1635,1676
17034,tattercoats,1683,1785
17034,tattercoats,1788,1830
17034,the_three_feathers,1837,2132
17034,lazy_jack,2139,2196
17034,lazy_jack,2199,2222
17034,jack_the_giant_killer2,2233,2317
17034,jack_the_giant_killer2,2321,2372
17034,jack_the_giant_killer2,2376,2419
17034,jack_the_giant_killer2,2425,2445
17034,jack_the_giant_killer2,2449,2523
17034,jack_the_giant_killer2,2527,2634
17034,jack_the_giant_killer2,2638,2651
17034,jack_the_giant_killer2,2655,2690
17034,jack_the_giant_killer2,2694,2700
17034,jack_the_giant_killer2,2703,2719
17034,jack_the_giant_killer2,2723,2754
17034,jack_the_giant_killer2,2758,2828
17034,jack_the_giant_killer2,2832,2841
17034,the_three_sillies,2850,3037
17034,the_golden_ball,3046,3113
17034,the_golden_ball,3116,3176
17034,the_two_sisters,3183,3236
17034,the_two_sisters,3240,3416
17034,the_laidly_worm,3425,3601
17034,jack_and_the_beanstalk,3725,3814
17034,jack_and_the_beanstalk,3817,4167
17034,jack_and_the_beanstalk,4173,4189
17034,the_black_bull_of_norway,4196,4469
17034,catskin,4476,4600
17034,catskin,4603,4645
17034,the_three_little_pigs,4652,4679
17034,the_three_little_pigs,4682,4709
17034,the_three_little_pigs,4712,4738
17034,the_three_little_pigs,4742,4848
17034,nix_naught_nothing,4855,5241
17034,mr_and_mrs_vinegar,5248,5448
17034,mr_and_mrs_vinegar,5452,5463
17034,the_true_history_of_sir_thomas_thumb,5472,5726
17034,the_true_history_of_sir_thomas_thumb,5729,5750
17034,henny_penny,5757,5817
17034,henny_penny,5821,5832
17034,henny_penny,5835,5858
17034,the_three_heads_of_the_well,5871,6034
17034,the_three_heads_of_the_well,6038,6135
17034,mr_fox,6142,6320
17034,mr_fox,6324,6331
17034,dick_whittington_and_his_cat,6338,6371
17034,dick_whittington_and_his_cat,6375,6464
17034,dick_whittington_and_his_cat,6467,6499
17034,dick_whittington_and_his_cat,6503,6634
17034,the_old_woman_and_her_pig,6641,6647
17034,the_old_woman_and_her_pig,6650,6712
17034,the_wee_bannock,6719,6894
17034,how_jack_went_out_to_seek_his_fortune,6903,7041
17034,the_bogey_beast,7048,7148
17034,little_red_riding_hood,7157,7264
17034,childe_rowland,7271,7615
17034,the_wise_men_of_gotham_of_buying_sheep,7626,7681
17034,of_hedging_a_cuckoo,7687,7694
17034,of_sending_cheeses,7699,7722
17034,of_drowning_eels,7727,7758
17034,of_sending_rent,7763,7785
17034,of_counting,7791,7819
17034,caporushes,7826,8127
17034,the_red_etting,8321,8509
17034,the_fish_and_the_ring,8516,8689
17034,master_of_all_masters,8732,8780
17034,molly_whuppie_and_the_double_faced_giant,8790,9052
17034,the_ass_the_table_and_the_stick,9059,9139
17034,the_ass_the_table_and_the_stick,9143,9186
17034,the_well_of_the_worlds_end,9193,9324
17034,the_rose_tree,9331,9543
18674,the_golden_beetle_or_why_the_dog_hates_the_cat,158,339
18674,the_golden_beetle_or_why_the_dog_hates_the_cat,342,637
18674,the_great_bell,646,1051
18674,the_strange_tale_of_doctor_dog,1060,1334
18674,the_strange_tale_of_doctor_dog,1337,1347
18674,how_footbinding_started,1356,1469
18674,how_footbinding_started,1473,1702
18674,the_talking_fish,1711,2168
18674,bamboo_and_the_turtle,2177,2527
18674,bamboo_and_the_turtle,2531,2548
18674,the_mad_goose_and_the_tiger_forest,2557,2661
18674,the_mad_goose_and_the_tiger_forest,2665,2939
18674,the_nodding_tiger,2948,3189
18674,the_nodding_tiger,3192,3256
18674,the_princess_kwan_yin,3265,3369
18674,the_princess_kwan_yin,3372,3550
18674,the_two_jugglers,3559,3735
18674,the_two_jugglers,3738,3849
18674,the_phantom_vessel,3858,4143
18674,the_wooden_tablet,4152,4401
18674,the_wooden_tablet,4404,4481
18674,the_golden_nugget,4490,4531
18674,the_golden_nugget,4535,4622
18674,the_man_who_would_not_scold,4631,4917
18674,lu_san_daughter_of_heaven,4926,5121
18674,lu_san_daughter_of_heaven,5125,5232
19207,the_queen_of_lantern_land,274,589
19207,the_adventures_of_florian,597,973
19207,the_seller_of_dreams,978,1204
19207,the_treasure_castle,1218,1436
19207,prince_sneeze,1445,1772
19207,marianna,1781,2085
19207,the_lost_half_hour,2090,2103
19207,the_lost_half_hour,2112,2436
19207,the_enchanted_elm,2445,2684
19207,the_bird_boy,2689,2709
19207,the_bird_boy,2717,2893
19207,the_master_mariner,2898,2976
19207,the_master_mariner,2984,3269
19207,the_marvelous_dog_and_the_wonderful_cat,3279,3641
19207,the_shepherd_of_clouds,3650,4005
19207,the_city_under_the_sea,4014,4729
19713,the_laughing_prince,254,688
19713,the_laughing_prince,691,783
19713,beauty_and_the_horns,799,1218
19713,beauty_and_the_horns,1221,1307
19713,the_pigeons_bride,1326,1629
19713,the_pigeons_bride,1632,1776
19713,the_little_lame_fox,1796,2344
19713,the_little_lame_fox,2347,2510
19713,the_enchanted_peafowl,2526,3244
19713,the_dragons_strength,3262,3584
19713,the_dragons_strength,3588,3741
19713,the_little_singing_frog,3757,3863
19713,the_little_singing_frog,3866,3914
19713,the_nightingale_in_the_mosque,3933,4456
19713,the_nightingale_in_the_mosque,4459,4583
19713,the_girl_in_the_chest,4601,4738
19713,the_girl_in_the_chest,4742,4928
19713,the_wonderful_hair2,4946,4987
19713,the_wonderful_hair2,4991,5058
19713,the_best_wish,5076,5120
19713,the_best_wish,5123,5270
19713,the_vilas_spring,5288,5396
19713,the_vilas_spring,5399,5475
19713,lord_and_master,5493,5593
19713,lord_and_master,5596,5758
19713,the_silver_tracks,5774,5976
19713,the_silver_tracks,5979,6167
20366,wonderwings,84,94
20366,wonderwings,98,167
20366,wonderwings,171,194
20366,the_magic_mirror,206,272
20366,the_magic_mirror,275,368
20366,the_magic_mirror,372,402
20366,fairy_tenderheart,414,436
20366,fairy_tenderheart,440,547
20366,fairy_tenderheart,550,570
20552,stan_bolovan,153,627
20552,the_wonderul_bird,634,1021
20552,the_twins_with_the_golden_star,1028,1034
20552,the_twins_with_the_golden_star,1037,1389
20552,the_twins_with_the_golden_star,1392,1399
20552,youth_without_age_and_life_without_death,1406,1782
20552,the_little_purse_with_two_half_pennies,1792,1949
20552,mogarzea_and_his_son,1956,2175
20552,cunning_ileane,2182,2607
20552,the_princess_and_the_fisherman,2614,2803
20552,little_wild_rose,2813,3187
20552,the_voice_of_death,3194,3318
20552,the_old_woman_and_the_old_man,3325,3407
20552,the_pea_emperor,3419,3678
20552,the_morning_star_and_the_evening_star,3685,3731
20552,the_morning_star_and_the_evening_star,3736,3948
20552,the_two_step_sisters,3958,4193
20552,the_poor_boy,4200,4871
20552,mothers_darling_jack,4881,5306
20552,tellerchen,5313,5648
20552,the_fairy_aurora,5658,5911
20552,the_fairy_aurora,5915,5999
20552,the_fairy_aurora,6003,6278
20552,the_fairy_aurora,6281,6303
20552,the_fairy_aurora,6306,7207
22096,the_little_people,399,412
22096,the_little_people,415,442
22096,the_little_people,445,456
22096,story_telling_time,465,524
22096,how_the_iroquis_give_thanks,533,548
22096,how_the_iroquis_give_thanks,551,567
22096,how_the_iroquis_give_thanks,570,593
22096,how_the_iroquis_give_thanks,597,611
22096,how_the_iroquis_give_thanks,614,622
22096,a_firemaker_and_a_peacemaker,633,660
22096,a_firemaker_and_a_peacemaker,663,689
22096,a_firemaker_and_a_peacemaker,692,713
22096,a_firemaker_and_a_peacemaker,716,730
22096,a_firemaker_and_a_peacemaker,733,756
22096,how_the_white_man_came,775,809
22096,how_the_white_man_came,812,836
22096,why_the_eagle_defends_americans,845,863
22096,why_the_eagle_defends_americans,868,892
22096,why_the_eagle_defends_americans,895,905
22096,why_the_eagle_defends_americans,908,939
22096,why_the_eagle_defends_americans,942,1003
22096,how_the_turkey_buzzard_got_his_suit,1014,1101
22096,why_the_partridge_drums,1114,1162
22096,how_the_indians_learned_to_heal,1169,1172
22096,how_the_indians_learned_to_heal,1175,1181
22096,how_the_indians_learned_to_heal,1184,1198
22096,how_the_indians_learned_to_heal,1201,1220
22096,how_the_indians_learned_to_heal,1223,1250
22096,why_dogs_chase_foxes,1261,1335
22096,why_hermit_trush_is_so_shy,1344,1392
22096,why_hermit_trush_is_so_shy,1395,1438
22096,how_good_and_evil_came_to_be,1445,1535
22096,how_a_boy_was_cured_of_boasting,1542,1555
22096,how_a_boy_was_cured_of_boasting,1560,1613
22096,why_the_cuckoo_is_so_lazy,1620,1640
22096,why_the_cuckoo_is_so_lazy,1643,1662
22096,why_the_cuckoo_is_so_lazy,1665,1678
22096,why_the_cuckoo_is_so_lazy,1681,1683
22096,how_the_coon_outwitted_the_fox,1690,1716
22096,how_the_coon_outwitted_the_fox,1719,1724
22096,how_the_coon_outwitted_the_fox,1727,1739
22096,how_the_coon_outwitted_the_fox,1742,1758
22096,why_the_goldfinches_look_like_the_sun,1765,1803
22096,why_the_goldfinches_look_like_the_sun,1806,1830
22096,what_the_ash_and_the_maple_learned,1837,1871
22096,what_the_ash_and_the_maple_learned,1874,1886
22096,what_the_ash_and_the_maple_learned,1889,1907
22096,how_the_woman_overcame_the_bear,1914,1962
22096,why_the_woodpecker_bores_for_its_food,1971,1989
22096,why_the_woodpecker_bores_for_its_food,1992,2029
22096,why_the_woodpecker_bores_for_its_food,2032,2044
22096,why_the_ice_roof_fell,2051,2058
22096,why_the_ice_roof_fell,2061,2098
22096,why_the_chipmunk_has_black_stripes,2105,2110
22096,why_the_chipmunk_has_black_stripes,2113,2155
22096,how_two_indian_boys_settled_a_quarrel,2164,2192
22096,how_two_indian_boys_settled_a_quarrel,2195,2202
22096,how_two_indian_boys_settled_a_quarrel,2205,2219
22096,how_two_indian_boys_settled_a_quarrel,2222,2237
22096,how_mice_overcame_the_warriors,2244,2263
22096,how_mice_overcame_the_warriors,2266,2272
22096,how_mice_overcame_the_warriors,2275,2312
22096,why_crows_are_poor,2321,2341
22096,why_crows_are_poor,2344,2381
22096,why_the_indian_loves_his_dog,2390,2404
22096,why_the_indian_loves_his_dog,2407,2434
22096,why_the_indian_loves_his_dog,2437,2491
22096,greedy_fawn_and_the_porridge,2500,2507
22096,greedy_fawn_and_the_porridge,2510,2564
22096,greedy_fawn_and_the_porridge,2567,2577
22096,why_hounds_outrun_other_animals,2586,2591
22096,why_hounds_outrun_other_animals,2594,2641
22096,why_indians_never_shoot_pigeons,2648,2706
22096,why_indians_never_shoot_pigeons,2709,2718
22096,how_old_man_winter_was_driven_back,2725,2773
22096,how_old_man_winter_was_driven_back,2776,2787
22096,how_old_man_winter_was_driven_back,2790,2852
22096,why_lightning_sometimes_strikes,2861,2865
22096,why_lightning_sometimes_strikes,2868,2902
22096,why_lightning_sometimes_strikes,2905,2927
22096,why_lightning_sometimes_strikes,2930,2974
22096,why_the_hare_has_a_split_lip_and_short_tail,2983,3041
22096,corn_plume_and_bean_maiden,3048,3075
22096,corn_plume_and_bean_maiden,3078,3142
22096,how_the_robin_burned_his_breast,3151,3239
22096,how_morning_star_lost_her_fish,3255,3318
22096,how_morning_star_lost_her_fish,3321,3333
22096,how_little_shooter_lost_his_luck,3340,3404
22096,how_an_indian_boy_won_his_name,3413,3449
22096,how_an_indian_boy_won_his_name,3452,3503
22096,how_the_fairies_worked_magic,3510,3614
22168,the_golden_spears,187,665
22168,the_house_in_the_lake,672,995
22168,the_house_in_the_lake,998,1208
22168,the_enchanted_cave,1215,1400
22168,the_enchanted_cave,1403,1741
22168,the_huntmans_son,1751,1859
22168,the_huntmans_son,1863,2244
22168,the_fairy_tree_of_dooros,2251,2355
22168,the_fairy_tree_of_dooros,2358,2697
22168,the_little_white_cat,2704,3014
22168,the_little_white_cat,3017,3262
22168,princess_finola_and_the_dwarf,3269,3705
22168,princess_finola_and_the_dwarf,3708,3713
22175,the_young_tamlane,198,348
22175,the_young_tamlane,351,410
22175,the_young_tamlane,413,530
22175,hynde_etin,537,817
22175,hynde_horn,827,1195
22175,hynde_horn,1198,1248
22175,thomas_the_rhymer,1255,1401
22175,thomas_the_rhymer,1404,1677
22175,lizzie_lindsay,1684,1895
22175,lizzie_lindsay,1899,2083
22175,the_gay_goshawk,2090,2193
22175,the_gay_goshawk,2197,2385
22175,the_laird_o_logie,2392,2576
22175,the_laird_o_logie,2580,2630
22248,the_celestial_sisters,170,363
22248,the_boy_who_set_a_snare_for_the_sun,372,498
22248,strong_desire_and_the_red_sorcerer,507,778
22248,the_wonderful_exploits_of_grasshopper,787,1397
22248,the_wonderful_exploits_of_grasshopper,1400,1633
22248,the_two_jeebi,1642,1765
22248,osseo_the_son_of_the_evening_star,1774,1968
22248,gray_eagle_and_his_five_brothers,1977,2128
22248,the_toad_woman,2137,2312
22248,the_origin_of_the_robin,2321,2420
22248,white_feather_and_the_six_giants,2429,2730
22248,sheem_the_forsaken_boy,2739,3249
22248,the_magic_bundle,3258,3325
22248,the_red_swan,3334,4147
22248,the_man_with_his_leg_tied_up,4156,4331
22248,the_man_with_his_leg_tied_up,4334,4365
22248,the_little_spirit_or_boy_man,4374,4672
22248,the_enchanted_moccasins,4681,5117
22248,he_of_the_little_shell,5126,5286
22248,he_of_the_little_shell,5289,5346
22248,manabozho_the_mischief_maker,5355,6343
22248,leelinau_the_lost_daughter,6352,6557
22248,the_winter_spirit_and_his_visitors,6566,6623
22248,the_fire_plume,6632,7221
22248,weendigoes_and_the_bone_dwarf,7230,7487
22248,the_bird_lover,7496,7911
22248,bokwewa_the_humpback,7920,8150
22248,the_crane_that_crossed_the_river,8159,8312
22248,wunzh_the_father_of_indian_corn,8321,8544
22373,the_fiend,743,1070
22373,the_dead_mother,1108,1148
22373,the_dead_witch,1157,1209
22373,the_treasure,1238,1397
22373,the_cross_surety,1413,1502
22373,the_awful_drunkard,1600,1713
22373,the_bad_wife,1809,1922
22373,the_golovikha,1934,1976
22373,the_three_copecks,1988,2128
22373,the_miser,2141,2243
22373,the_fool_and_the_birch_tree,2263,2424
22373,the_mizgir,2485,2540
22373,the_smith_and_the_demon,2557,2754
22373,ivan_popyalof,3110,3255
22373,the_norka,3329,3588
22373,marya_morevna,3762,4305
22373,koshchei_the_deathless,4456,4794
22373,the_water_snake,4978,5111
22373,the_water_king_and_vasilissa_the_wise,5171,5698
22373,the_baba_yaga,5916,6061
22373,vasilissa_the_fair,6262,6621
22373,the_witch,6774,6987
22373,the_witch_and_the_suns_sister,7072,7254
22373,one_eyed_likho,7923,8039
22373,woe,8154,8476
22373,friday,8732,8764
22373,wednesday,8778,8862
22373,the_leshy,8922,8989
22373,vazuza_and_volga,9008,9028
22373,sozh_and_dnieper,9062,9098
22373,the_metamorphosis_of_the_dnieper_the_volga_and_the_dvina,9104,9155
22373,frost,9231,9520
22373,the_blind_man_and_the_cripple,10317,10842
22373,princess_helena_the_fair,10979,11100
22373,emilian_the_fool,11208,11355
22373,the_witch_girl,11403,11463
22373,the_headless_princess,11490,11595
22373,the_soldiers_midnight_watch,11607,12018
22373,the_warlock,12175,12233
22373,the_fox_physician,12580,12675
22373,the_fiddler_in_hell,12822,12971
22373,the_ride_on_the_gravestone,13016,13053
22373,the_two_friends,13059,13124
22373,the_shroud,13174,13272
22373,the_coffin_lid,13285,13366
22373,the_two_corpses,13377,13418
22373,the_dog_and_the_corpse,13426,13470
22373,the_soldier_and_the_vampire,13478,13648
22373,elijah_the_prophet_and_nicholas,14385,14570
22373,the_priest_with_the_greedy_eyes,14786,14982
22373,the_hasty_word,15330,15546
22396,how_arthur_was_made_king_and_won_his_kingdom,225,1240
22396,sir_balin_and_the_stroke_dolorous,1249,1933
22396,how_lancelot_was_made_a_knight,1943,2587
22396,the_knight_of_the_kitchen,2596,3037
22396,the_knight_of_the_kitchen,3041,3584
22396,how_sir_tristram_kept_his_word,3593,4537
22396,the_deeds_of_sir_geraint,4546,5676
22396,how_sir_perceval_was_taught_chivalry,5686,5836
22396,how_sir_perceval_was_taught_chivalry,5840,6667
22396,how_sir_owen_won_the_earldom_of_the_fountain,6676,7808
22396,of_sir_lancelot_and_the_fair_maid_of_astolat,7817,8500
22396,how_the_three_good_knights_achieved_the_holy_graal,8509,8856
22396,how_the_three_good_knights_achieved_the_holy_graal,8859,9384
22396,of_the_plots_of_sir_mordred,9393,10344
22396,of_sir_gawaines_hatred,10353,11191
22396,of_the_rebellion_of_mordred_and_the_death_of_king_arthur,11200,12328
22420,the_story_of_the_first_humming_bird,238,293
22420,the_story_of_the_first_humming_bird,297,313
22420,the_story_of_the_first_humming_bird,316,335
22420,the_story_of_the_first_humming_bird,339,370
22420,the_story_of_the_first_humming_bird,373,377
22420,the_story_of_the_first_butterflies,384,421
22420,the_story_of_the_first_butterflies,424,427
22420,the_story_of_the_first_woodpecker,434,476
22420,why_the_woodpeckers_head_is_red,483,551
22420,why_the_cat_always_falls_upon_her_feet,560,582
22420,why_the_cat_always_falls_upon_her_feet,585,606
22420,why_the_swallows_tail_is_forked,615,699
22420,why_the_swallows_tail_is_forked,702,714
22420,why_the_white_hares_have_black_ears,721,772
22420,why_the_magpies_nest_is_not_well_built,779,818
22420,why_the_magpies_nest_is_not_well_built,821,833
22420,why_the_ravens_feathers_are_black,840,887
22420,how_fire_was_brought_to_the_indians,896,957
22420,how_fire_was_brought_to_the_indians,960,964
22420,how_fire_was_brought_to_the_indians,968,998
22420,how_fire_was_brought_to_the_indians,1002,1027
22420,how_the_quail_became_a_snipe,1034,1117
22420,why_the_serpent_sheds_his_skin,1124,1175
22420,why_the_dove_is_timid,1184,1232
22420,why_the_parrot_repeats_the_words_of_men,1239,1300
22420,why_the_parrot_repeats_the_words_of_men,1303,1316
22420,the_story_of_the_first_mockingbird,1323,1390
22420,why_the_tail_of_the_fox_has_a_white_tip,1397,1467
22420,why_the_tail_of_the_fox_has_a_white_tip,1470,1479
22420,the_story_of_the_first_frog,1486,1547
22420,why_the_rabbit_is_timid,1556,1599
22420,why_the_petweet_cries_for_rain,1606,1653
22420,why_the_bear_has_a_short_tail,1660,1706
22420,why_the_bear_has_a_short_tail,1709,1712
22420,why_the_wren_flies_close_to_earth,1719,1779
22420,why_the_hoofs_of_the_deer_are_split,1786,1826
22420,why_the_hoofs_of_the_deer_are_split,1829,1845
22420,the_story_of_the_first_grasshopper,1852,1918
22420,the_story_of_the_oriole,1925,1980
22420,why_the_peacocks_tail_has_a_hundred_eyes,1987,2030
22420,why_the_peacocks_tail_has_a_hundred_eyes,2033,2041
22420,the_story_of_the_bees_and_the_flies,2048,2080
22420,the_story_of_the_bees_and_the_flies,2083,2089
22420,the_story_of_the_first_moles,2096,2135
22420,the_story_of_the_first_ants,2142,2202
22420,the_story_of_the_first_ants,2204,2222
22420,the_face_of_the_manito,2229,2296
22420,the_story_of_the_first_diamonds,2303,2340
22420,the_story_of_the_first_diamonds,2343,2364
22420,the_story_of_the_first_pearls,2371,2407
22420,the_story_of_the_first_pearls,2410,2423
22420,the_story_of_the_first_emeralds,2430,2494
22420,why_the_evergreen_trees_never_lose_their_leaves,2501,2556
22420,why_the_evergreen_trees_never_lose_their_leaves,2559,2582
22420,why_the_aspen_leaves_tremble,2589,2632
22420,how_the_blossoms_came_to_heather,2639,2694
22420,how_flax_was_given_to_men,2701,2756
22420,how_flax_was_given_to_men,2759,2778
22420,why_the_juniper_has_berries,2785,2826
22420,why_the_sea_is_salt,2833,2904
22420,the_story_of_the_first_whitefish,2911,2943
22420,the_story_of_the_first_whitefish,2946,2962
22420,was_it_the_first_turtle,2969,3040
22420,why_the_crocodile_has_a_wide_mouth,3047,3114
22420,why_the_crocodile_has_a_wide_mouth,3117,3128
22420,the_story_of_the_picture_on_the_vase,3135,3174
22420,the_story_of_the_picture_on_the_vase,3177,3197
22420,why_the_water_in_rivers_is_never_still,3204,3288
22420,how_the_raven_helped_men,3295,3355
22420,how_the_raven_helped_men,3358,3380
22420,the_story_of_the_earth_and_the_sky,3387,3460
22420,how_summer_came_to_earth,3469,3532
22420,how_summer_came_to_earth,3536,3590
22420,the_story_of_the_first_snowdrops,3597,3670
22420,why_the_face_of_the_moon_is_white,3677,3730
22420,why_the_face_of_the_moon_is_white,3733,3742
22420,why_all_men_love_the_moon,3749,3828
22420,why_there_is_a_hare_in_the_moon,3835,3912
22420,why_there_is_a_hare_in_the_moon,3914,3917
22420,the_children_in_the_moon,3924,4000
22420,the_children_in_the_moon,4003,4021
22420,why_there_is_a_man_in_the_moon,4028,4085
22420,the_twin_stars,4092,4156
22420,the_lantern_and_the_fan,4163,4249
22656,red_cap_tales_waverley_1,457,551
22656,red_cap_tales_waverley_1,565,646
22656,red_cap_tales_waverley_1,653,687
22656,red_cap_tales_waverley_1,691,790
22656,red_cap_tales_waverley_1,793,831
22656,red_cap_tales_waverley_2,939,1026
22656,red_cap_tales_waverley_2,1030,1157
22656,red_cap_tales_waverley_3,1334,1528
22656,red_cap_tales_waverley_3,1532,1683
22656,red_cap_tales_waverley_4,1768,1813
22656,red_cap_tales_waverley_4,1818,2065
22656,red_cap_tales_waverley_5,2160,2227
22656,red_cap_tales_waverley_5,2233,2442
22656,red_cap_tales_waverley_6,2466,2559
22656,red_cap_tales_waverley_6,2562,2669
22656,red_cap_tales_waverley_6,2679,2703
22656,red_cap_tales_waverley_7,2745,2974
22656,red_cap_tales_waverley_7,2977,3066
22656,red_cap_tales_mannering_1,3122,3376
22656,red_cap_tales_mannering_1,3381,3390
22656,red_cap_tales_mannering_1,3393,3465
22656,red_cap_tales_mannering_2,3567,3716
22656,red_cap_tales_mannering_2,3724,3813
22656,red_cap_tales_mannering_2,3819,3901
22656,red_cap_tales_mannering_2,3905,4016
22656,red_cap_tales_mannering_3,4136,4235
22656,red_cap_tales_mannering_3,4241,4367
22656,red_cap_tales_mannering_3,4370,4451
22656,red_cap_tales_mannering_3,4454,4554
22656,red_cap_tales_mannering_4,4600,4876
22656,red_cap_tales_mannering_4,4879,5010
22656,red_cap_tales_mannering_4,5013,5024
22656,red_cap_tales_roy_1,5168,5771
22656,red_cap_tales_roy_2,5937,6238
22656,red_cap_tales_roy_2,6242,6281
22656,red_cap_tales_roy_2,6289,6538
22656,red_cap_tales_roy_2,6544,6580
22656,red_cap_tales_roy_2,6586,6789
22656,red_cap_tales_roy_2,6793,6827
22656,red_cap_tales_roy_2,6833,6983
22656,red_cap_tales_roy_3,7114,7259
22656,red_cap_tales_roy_3,7263,7381
22656,red_cap_tales_roy_3,7384,7398
22656,red_cap_tales_roy_3,7405,7570
22656,red_cap_tales_roy_3,7576,7897
22656,red_cap_tales_antiquary_1,8018,8274
22656,red_cap_tales_antiquary_1,8280,8427
22656,red_cap_tales_antiquary_1,8436,8601
22656,red_cap_tales_antiquary_2,8673,9049
22656,red_cap_tales_antiquary_2,9053,9171
22656,red_cap_tales_antiquary_2,9175,9229
22656,red_cap_tales_antiquary_2,9233,9253
22656,red_cap_tales_antiquary_2,9256,9499
22656,red_cap_tales_antiquary_3,9753,9850
22656,red_cap_tales_antiquary_3,9854,10017
22656,red_cap_tales_antiquary_3,10021,10064
22656,red_cap_tales_antiquary_3,10072,10117
22693,prometheus_and_pandora,374,596
22693,pygmalion,654,693
22693,pygmalion,696,767
22693,phaeton,778,1037
22693,endymion,1054,1136
22693,endymion,1139,1149
22693,endymion,1152,1187
22693,orpheus,1238,1398
22693,orpheus,1401,1421
22693,orpheus,1426,1491
22693,apollo_and_daphne,1503,1590
22693,psyche,1617,1695
22693,psyche,1698,1725
22693,psyche,1728,1794
22693,psyche,1798,1839
22693,psyche,1842,1952
22693,psyche,1955,2221
22693,psyche,2224,2237
22693,psyche,2240,2249
22693,the_calydonian_hunt,2256,2393
22693,the_calydonian_hunt,2396,2486
22693,atalanta,2493,2577
22693,atalanta,2580,2599
22693,arachne,2606,2719
22693,arachne,2722,2754
22693,arachne,2757,2782
22693,arachne,2794,2803
22693,arachne,2812,2819
22693,idas_and_marpessa,2826,2901
22693,idas_and_marpessa,2904,3022
22693,idas_and_marpessa,3025,3099
22693,arethusa,3106,3217
22693,perseus_the_hero,3251,3277
22693,perseus_the_hero,3296,3487
22693,perseus_the_hero,3490,3583
22693,perseus_the_hero,3586,3812
22693,niobe,3833,3949
22693,hyacinthus,3976,4047
22693,hyacinthus,4050,4068
22693,king_midas_of_the_golden_touch,4094,4349
22693,ceyx_and_halycone,4376,4593
22693,ceyx_and_halycone,4596,4619
22693,aristaeus_the_bee_kepper,4661,4805
22693,proserpine,4835,4862
22693,proserpine,4871,4893
22693,proserpine,4902,4950
22693,proserpine,4958,4988
22693,proserpine,4999,5025
22693,latona_and_the_rustics,5068,5154
22693,latona_and_the_rustics,5161,5170
22693,echo_and_narcissus,5201,5262
22693,echo_and_narcissus,5265,5296
22693,echo_and_narcissus,5304,5351
22693,icarus,5382,5573
22693,clytie,5587,5647
22693,clytie,5653,5662
22693,the_cranes_of_ibycus,5674,5747
22693,the_cranes_of_ibycus,5750,5790
22693,syrinx,5814,5821
22693,syrinx,5828,5931
22693,the_death_of_adonis,5942,5996
22693,the_death_of_adonis,6013,6051
22693,the_death_of_adonis,6071,6094
22693,the_death_of_adonis,6112,6124
22693,lorelei,6585,6637
22693,freya_queen_of_the_northern_gods,6701,6717
22693,freya_queen_of_the_northern_gods,6726,6806
22693,freya_queen_of_the_northern_gods,6822,6838
22693,the_death_of_baldur,6883,6891
22693,the_death_of_baldur,6895,6935
22693,the_death_of_baldur,6946,7047
22693,the_death_of_baldur,7050,7076
22693,the_death_of_baldur,7079,7094
22693,the_death_of_baldur,7105,7163
22693,beowulf,7218,7716
22693,beowulf,7719,7795
22693,roland_the_paladin,7860,8162
22693,roland_the_paladin,8167,8170
22693,roland_the_paladin,8181,8200
22693,roland_the_paladin,8217,8291
22693,roland_the_paladin,8304,8318
22693,roland_the_paladin,8327,8352
22693,roland_the_paladin,8361,8401
22693,roland_the_paladin,8409,8419
22693,roland_the_paladin,8433,8459
22693,the_children_of_lir,8488,8631
22693,the_children_of_lir,8634,8788
22693,the_children_of_lir,8808,8931
22693,the_children_of_lir,8944,8957
22886,the_thing_that_hath_been,166,422
22886,new_light_on_an_old_champion,429,678
22886,fuel_of_fire,685,969
22886,la_belle_dame,976,1404
22886,the_scented_town,1411,1903
22886,the_place_of_pilgrimage,1910,1987
22886,the_place_of_pilgrimage,1990,2034
22886,the_place_of_pilgrimage,2037,2154
22886,the_leper_windows,2161,2517
22886,the_burnt_offering,2532,2874
22886,eight_eight_in_lavender,2881,3130
22886,divination,3137,3390
22886,julian,3399,3483
22886,julian,3490,3714
22886,julian,3721,3864
22886,julian,3869,3941
22886,the_double_cabin,3948,4237
22886,intelligence,4244,4490
22886,a_credit_balance,4497,4701
22886,mans_airy_notions,4708,5164
22886,pisgah,5171,5330
22886,a_lion_in_the_way,5348,5637
22886,as_trees_walking,5644,5988
22886,the_black_death,5995,6309
22886,an_old_world_scruple,6316,6442
22886,lycanthropy,6464,6546
22886,for_his_countrys_good,655,6798
22886,le_roi_est_mort,6805,6957
22886,the_riding_of_the_red_horse,6966,7054
22886,the_riding_of_the_red_horse,7061,7165
22886,the_riding_of_the_red_horse,7176,7250
22886,three_and_africa,7257,7518
22886,our_lady_of_the_lake,7525,7710
23462,the_cock_and_the_bean,116,205
23462,the_goat_and_the_ram,212,306
23462,the_hungry_wolf,317,394
23462,the_peasant_and_the_bear,411,449
23462,the_dog_and_the_cock,458,518
23462,king_frost,531,632
23462,the_bears_paw,641,670
23462,the_bear_and_the_old_mans_daughter,681,794
23462,the_straw_ox,811,944
23462,the_fox_and_the_blackbird,961,1024
24473,the_cat_and_the_mouse,197,442
24473,the_son_of_the_soap_seller,460,682
24473,the_kings_treasure,699,932
24473,the_king_and_the_fisherman,948,1031
24593,the_history_of_caliph_stork,427,505
24593,the_history_of_caliph_stork,512,598
24593,the_history_of_caliph_stork,605,689
24593,the_history_of_caliph_stork,696,787
24593,the_history_of_caliph_stork,794,843
24593,the_history_of_the_spectre_ship,886,1096
24593,the_history_of_the_spectre_ship,1099,1235
24593,the_story_of_the_hewn_off_hand,1282,1776
24593,fatimas_deliverance,1902,2166
24593,fatimas_deliverance,2185,2552
24593,little_muck,2648,3211
24593,little_muck,3214,3223
24593,the_false_prince,3254,3524
24593,the_false_prince,3527,3871
24714,how_night_came,166,274
24714,how_the_rabbit_lost_his_tail,283,369
24714,how_the_toad_got_his_bruises,378,477
24714,how_the_tiger_got_his_stripes,486,661
24714,why_the_lamb_is_meek,670,812
24714,why_the_tiger_and_the_stag_fear_each_other,823,936
24714,how_the_speckled_hen_got_her_speckles,947,1106
24714,how_the_monkey_became_a_trickster,1117,1172
24714,how_the_monkey_and_the_goat_earned_their_reputations,1183,1278
24714,how_the_monkey_got_a_drink_when_he_was_thirsty,1289,1389
24714,how_the_monkey_got_food_when_he_was_hungry,1400,1463
24714,why_the_bananas_belong_to_the_monkey,1474,1585
24714,how_the_monkey_escaped_being_eaten,1596,1701
24714,why_the_monkey_still_has_a_tail,1712,1812
24714,how_black_became_white,1821,1920
24714,how_the_pigeon_became_a_tame_bird,1931,2056
24714,why_the_sea_moans,2065,2353
24714,how_the_brazilian_beetles_got_their_gorgeous_coats,2364,2495
24737,far_away_and_long_ago,256,304
24737,the_building_of_the_wall,313,493
24737,iduna_and_her_apples,502,876
24737,sifs_golden_hair,885,1045
24737,how_brock_brought_judgement_on_loki,1054,1326
24737,how_freya_gained_her_necklace_and_how_her_loved_one_was_lost_to_her,1335,1519
24737,how_freya_won_gerda,1528,1809
24737,heimdall_and_little_hnossa,1818,1990
24737,the_all_fathers_forebodings_how_he_leaves_asgard,1999,2130
24737,odin_goes_to_mimirs_well,2143,2277
24737,odin_faces_an_evil_man,2286,2477
24737,odin_wins_for_men_the_magic_mead,2486,2730
24737,odin_tells_to_vidar_his_silent_son_the_secret_of_his_doings,2739,2794
24737,thor_and_loki_in_the_giants_city,2803,3177
24737,how_thor_and_loki_befooled_thrym_the_giant,3186,3414
24737,aegirs_feast,3423,3732
24737,the_dwarfs_hoard,3741,4109
24737,foreboding_in_asgard,4122,4195
24737,loki_the_betrayer,4204,4457
24737,loki_against_the_aesir,4466,4580
24737,the_valkyrie,4589,4705
24737,the_children_of_loki,4714,4866
24737,baldurs_doom,4875,5226
24737,lokis_punishment,5235,5332
24737,sigurds_youth,5345,5576
24737,the_sword_gram_and_the_dragon_fafnir,5585,5758
24737,the_dragons_blood,5767,5982
24737,the_story_of_sigmund_and_signy,5991,6249
24737,the_story_of_sigmund_and_sinfiotli,6258,6409
24737,the_story_of_the_vengeance_of_the_volsungs,6419,6568
24737,brynhild_in_the_house_of_flame,6577,6676
24737,sigurd_at_the_house_of_the_nibelungs,6685,6798
24737,how_brynhild_was_won_for_gunnar,6807,6919
24737,the_death_of_sigurd,6928,7058
24737,the_twilight_of_the_gods,7067,7232
24811,the_baby,288,330
24811,the_baby,334,340
24811,the_tooth_trall,358,415
24811,the_tooth_trall,419,493
24811,olafs_farm,504,590
24811,olafs_farm,594,784
24811,olafs_fight_with_havard,802,916
24811,olafs_fight_with_havard,921,929
24811,foes_fear,945,1016
24811,foes_fear,1019,1044
24811,harald_is_king,1053,1175
24811,harald_is_king,1179,1227
24811,haralds_battle,1243,1375
24811,haralds_battle,1378,1421
24811,gydas_saucy_message,1430,1466
24811,gydas_saucy_message,1470,1618
24811,the_sea_fight,1634,1754
24811,the_sea_fight,1757,1764
24811,king_haralds_wedding,1780,1825
24811,king_haralds_wedding,1829,1892
24811,king_harald_goes_west_over_seas,1903,1934
24811,king_harald_goes_west_over_seas,1938,1990
24811,homes_in_iceland,2011,2500
24811,homes_in_iceland,2504,2744
24811,homes_in_iceland,2747,2829
24811,eric_the_red,2851,2893
24811,eric_the_red,2896,2916
24811,eric_the_red,2920,3041
24811,eric_the_red,3044,3209
24811,leif_and_his_new_land,3223,3359
24811,leif_and_his_new_land,3363,3490
24811,wineland_the_good,3501,3798
24811,wineland_the_good,3802,3918
25502,beowulf,803,827
25502,beowulf,831,849
25502,beowulf,853,886
25502,beowulf,890,917
25502,beowulf,921,1030
25502,beowulf,1034,1144
25502,beowulf,1148,1199
25502,beowulf,1202,1249
25502,beowulf,1253,1404
25502,beowulf,1408,1486
25502,beowulf,1489,1504
25502,beowulf,1508,1599
25502,beowulf,1602,1702
25502,beowulf,1706,1744
25502,beowulf,1748,1773
25502,beowulf,1777,1852
25502,beowulf,1856,1910
25502,beowulf,1914,2022
25502,beowulf,2025,2058
25502,the_dream_of_maxen_wledig,2090,2117
25502,the_dream_of_maxen_wledig,2121,2147
25502,the_dream_of_maxen_wledig,2151,2169
25502,the_dream_of_maxen_wledig,2173,2227
25502,the_dream_of_maxen_wledig,2233,2265
25502,the_dream_of_maxen_wledig,2269,2286
25502,the_dream_of_maxen_wledig,2290,2308
25502,the_story_of_constantine_and_elene,2317,2328
25502,the_story_of_constantine_and_elene,2332,2350
25502,the_story_of_constantine_and_elene,2356,2363
25502,the_story_of_constantine_and_elene,2369,2379
25502,the_story_of_constantine_and_elene,2383,2386
25502,the_story_of_constantine_and_elene,2404,2423
25502,the_story_of_constantine_and_elene,2427,2438
25502,the_story_of_constantine_and_elene,2441,2451
25502,the_story_of_constantine_and_elene,2455,2469
25502,the_story_of_constantine_and_elene,2473,2482
25502,the_story_of_constantine_and_elene,2486,2496
25502,the_story_of_constantine_and_elene,2499,2515
25502,the_story_of_constantine_and_elene,2521,2534
25502,the_story_of_constantine_and_elene,2540,2562
25502,the_story_of_constantine_and_elene,2568,2587
25502,the_story_of_constantine_and_elene,2590,2592
25502,the_story_of_constantine_and_elene,2596,2606
25502,the_story_of_constantine_and_elene,2609,2618
25502,the_story_of_constantine_and_elene,2622,2626
25502,the_story_of_constantine_and_elene,2629,2634
25502,the_story_of_constantine_and_elene,2637,2651
25502,the_story_of_constantine_and_elene,2654,2667
25502,the_story_of_constantine_and_elene,2673,2687
25502,the_story_of_constantine_and_elene,2691,2705
25502,the_story_of_constantine_and_elene,2713,2726
25502,the_story_of_constantine_and_elene,2730,2742
25502,the_story_of_constantine_and_elene,2746,2764
25502,the_compassion_of_constantine,2773,2790
25502,the_compassion_of_constantine,2794,2823
25502,the_compassion_of_constantine,2827,2844
25502,the_compassion_of_constantine,2848,2862
25502,the_compassion_of_constantine,2866,2875
25502,the_compassion_of_constantine,2879,2888
25502,the_compassion_of_constantine,2892,2903
25502,the_compassion_of_constantine,2907,2932
25502,the_compassion_of_constantine,2936,2952
25502,the_compassion_of_constantine,2956,2971
25502,the_compassion_of_constantine,2975,2983
25502,the_compassion_of_constantine,2988,3018
25502,the_compassion_of_constantine,3022,3044
25502,the_compassion_of_constantine,3048,3057
25502,havelok_the_dane,3118,3268
25502,havelok_the_dane,3271,3292
25502,havelok_the_dane,3296,3326
25502,havelok_the_dane,3330,3385
25502,havelok_the_dane,3391,3464
25502,havelok_the_dane,3468,3511
25502,havelok_the_dane,3515,3608
25502,havelok_the_dane,3610,3650
25502,havelok_the_dane,3654,3673
25502,havelok_the_dane,3677,3741
25502,howard_the_halt,3811,3845
25502,howard_the_halt,3849,3872
25502,howard_the_halt,3875,3893
25502,howard_the_halt,3897,3938
25502,howard_the_halt,3942,3983
25502,howard_the_halt,3987,4016
25502,howard_the_halt,4020,4079
25502,howard_the_halt,4083,4091
25502,howard_the_halt,4095,4107
25502,howard_the_halt,4111,4135
25502,howard_the_halt,4139,4167
25502,howard_the_halt,4173,4203
25502,howard_the_halt,4207,4238
25502,howard_the_halt,4242,4274
25502,howard_the_halt,4278,4312
25502,howard_the_halt,4315,4325
25502,howard_the_halt,4329,4352
25502,howard_the_halt,4356,4375
25502,howard_the_halt,4379,4394
25502,howard_the_halt,4398,4415
25502,howard_the_halt,4419,4436
25502,howard_the_halt,4440,4456
25502,howard_the_halt,4460,4478
25502,howard_the_halt,4482,4496
25502,howard_the_halt,4999,4503
25502,howard_the_halt,4507,4532
25502,howard_the_halt,4536,4563
25502,roland_the_hero_of_early_france,4696,4717
25502,roland_the_hero_of_early_france,4721,4742
25502,roland_the_hero_of_early_france,4746,4761
25502,roland_the_hero_of_early_france,4765,4774
25502,roland_the_hero_of_early_france,4777,4787
25502,roland_the_hero_of_early_france,4791,4805
25502,roland_the_hero_of_early_france,4809,4822
25502,roland_the_hero_of_early_france,4826,4834
25502,roland_the_hero_of_early_france,4838,4891
25502,roland_the_hero_of_early_france,4895,4909
25502,roland_the_hero_of_early_france,4913,4928
25502,roland_the_hero_of_early_france,4932,4951
25502,roland_the_hero_of_early_france,4955,4977
25502,roland_the_hero_of_early_france,4981,5017
25502,roland_the_hero_of_early_france,5023,5033
25502,roland_the_hero_of_early_france,5037,5049
25502,roland_the_hero_of_early_france,5053,5064
25502,roland_the_hero_of_early_france,5068,5089
25502,roland_the_hero_of_early_france,5125,5132
25502,roland_the_hero_of_early_france,5136,5145
25502,roland_the_hero_of_early_france,5149,5160
25502,roland_the_hero_of_early_france,5164,5190
25502,roland_the_hero_of_early_france,5194,5220
25502,roland_the_hero_of_early_france,5224,5232
25502,roland_the_hero_of_early_france,5236,5259
25502,roland_the_hero_of_early_france,5263,5308
25502,roland_the_hero_of_early_france,5312,5323
25502,roland_the_hero_of_early_france,5327,5348
25502,roland_the_hero_of_early_france,5352,5359
25502,roland_the_hero_of_early_france,5363,5396
25502,roland_the_hero_of_early_france,5400,5415
25502,roland_the_hero_of_early_france,5419,5447
25502,roland_the_hero_of_early_france,5451,5460
25502,roland_the_hero_of_early_france,5464,5473
25502,roland_the_hero_of_early_france,5477,5481
25502,roland_the_hero_of_early_france,5485,5533
25502,roland_the_hero_of_early_france,5537,5544
25502,roland_the_hero_of_early_france,5548,5563
25502,roland_the_hero_of_early_france,5566,5572
25502,roland_the_hero_of_early_france,5576,5581
25502,roland_the_hero_of_early_france,5585,5595
25502,roland_the_hero_of_early_france,5599,5614
25502,roland_the_hero_of_early_france,5618,5636
25502,roland_the_hero_of_early_france,5640,5662
25502,roland_the_hero_of_early_france,5666,5677
25502,roland_the_hero_of_early_france,5681,5692
25502,roland_the_hero_of_early_france,5696,5711
25502,roland_the_hero_of_early_france,5715,5739
25502,roland_the_hero_of_early_france,5743,5762
25502,roland_the_hero_of_early_france,5766,5779
25502,roland_the_hero_of_early_france,5783,5799
25502,roland_the_hero_of_early_france,5803,5818
25502,roland_the_hero_of_early_france,5822,5828
25502,roland_the_hero_of_early_france,5832,5860
25502,roland_the_hero_of_early_france,5889,5893
25502,roland_the_hero_of_early_france,5897,5903
25502,roland_the_hero_of_early_france,5908,5916
25502,roland_the_hero_of_early_france,5920,5923
25502,the_countess_cathleen,5989,6018
25502,the_countess_cathleen,6022,6037
25502,the_countess_cathleen,6040,6044
25502,the_countess_cathleen,6048,6062
25502,the_countess_cathleen,6070,6075
25502,the_countess_cathleen,6083,6097
25502,the_countess_cathleen,6106,6124
25502,the_countess_cathleen,6128,6140
25502,the_countess_cathleen,6144,6167
25502,the_countess_cathleen,6173,6194
25502,the_countess_cathleen,6198,6208
25502,the_countess_cathleen,6212,6231
25502,the_countess_cathleen,6235,6244
25502,the_countess_cathleen,6252,6265
25502,the_countess_cathleen,6269,6284
25502,the_countess_cathleen,6288,6311
25502,the_countess_cathleen,6315,6324
25502,the_countess_cathleen,6328,6343
25502,the_countess_cathleen,6347,6360
25502,the_countess_cathleen,6364,6378
25502,the_countess_cathleen,6382,6395
25502,the_countess_cathleen,6399,6419
25502,the_countess_cathleen,6423,6436
25502,the_countess_cathleen,6440,6459
25502,the_countess_cathleen,6463,6479
25502,the_countess_cathleen,6483,6504
25502,the_countess_cathleen,6508,6510
25502,the_countess_cathleen,6513,6530
25502,the_countess_cathleen,6534,6548
25502,the_countess_cathleen,6552,6562
25502,the_countess_cathleen,6566,6589
25502,the_countess_cathleen,6593,6614
25502,the_countess_cathleen,6618,6631
25502,the_countess_cathleen,6634,6659
25502,the_countess_cathleen,6663,6679
25502,the_countess_cathleen,6685,6705
25502,the_countess_cathleen,6709,6740
25502,the_countess_cathleen,6744,6752
25502,the_countess_cathleen,6756,6769
25502,the_countess_cathleen,6775,6789
25502,the_countess_cathleen,6793,6801
25502,the_countess_cathleen,6805,6820
25502,the_countess_cathleen,6824,6835
25502,cuchulain_the_champion_of_ireland,6897,6912
25502,cuchulain_the_champion_of_ireland,6916,6935
25502,cuchulain_the_champion_of_ireland,6939,6951
25502,cuchulain_the_champion_of_ireland,6955,6975
25502,cuchulain_the_champion_of_ireland,6979,6992
25502,cuchulain_the_champion_of_ireland,6996,7010
25502,cuchulain_the_champion_of_ireland,7014,7036
25502,cuchulain_the_champion_of_ireland,7040,7061
25502,cuchulain_the_champion_of_ireland,7065,7079
25502,cuchulain_the_champion_of_ireland,7083,7097
25502,cuchulain_the_champion_of_ireland,7101,7109
25502,cuchulain_the_champion_of_ireland,7115,7144
25502,cuchulain_the_champion_of_ireland,7148,7163
25502,cuchulain_the_champion_of_ireland,7167,7184
25502,cuchulain_the_champion_of_ireland,7188,7203
25502,cuchulain_the_champion_of_ireland,7206,7208
25502,cuchulain_the_champion_of_ireland,7212,7225
25502,cuchulain_the_champion_of_ireland,7229,7235
25502,cuchulain_the_champion_of_ireland,7239,7263
25502,cuchulain_the_champion_of_ireland,7267,7281
25502,cuchulain_the_champion_of_ireland,7285,7294
25502,cuchulain_the_champion_of_ireland,7298,7310
25502,cuchulain_the_champion_of_ireland,7314,7325
25502,cuchulain_the_champion_of_ireland,7329,7340
25502,cuchulain_the_champion_of_ireland,7347,7357
25502,cuchulain_the_champion_of_ireland,7361,7373
25502,cuchulain_the_champion_of_ireland,7377,7392
25502,cuchulain_the_champion_of_ireland,7396,7392
25502,cuchulain_the_champion_of_ireland,7396,7414
25502,cuchulain_the_champion_of_ireland,7418,7432
25502,cuchulain_the_champion_of_ireland,7436,7447
25502,cuchulain_the_champion_of_ireland,7450,7453
25502,cuchulain_the_champion_of_ireland,7457,7470
25502,cuchulain_the_champion_of_ireland,7474,7492
25502,cuchulain_the_champion_of_ireland,7496,7519
25502,cuchulain_the_champion_of_ireland,7523,7547
25502,the_tale_of_gamelyn,7585,7597
25502,the_tale_of_gamelyn,7599,7620
25502,the_tale_of_gamelyn,7624,7650
25502,the_tale_of_gamelyn,7654,7663
25502,the_tale_of_gamelyn,7667,7672
25502,the_tale_of_gamelyn,7675,7692
25502,the_tale_of_gamelyn,7696,7722
25502,the_tale_of_gamelyn,7726,7740
25502,the_tale_of_gamelyn,7744,7760
25502,the_tale_of_gamelyn,7764,7776
25502,the_tale_of_gamelyn,7780,7796
25502,the_tale_of_gamelyn,7800,7834
25502,the_tale_of_gamelyn,7838,7846
25502,the_tale_of_gamelyn,7850,7868
25502,the_tale_of_gamelyn,7872,7894
25502,the_tale_of_gamelyn,7898,7920
25502,the_tale_of_gamelyn,7924,7948
25502,the_tale_of_gamelyn,7952,7971
25502,the_tale_of_gamelyn,7975,7990
25502,the_tale_of_gamelyn,7997,8014
25502,the_tale_of_gamelyn,8018,8029
25502,the_tale_of_gamelyn,8033,8055
25502,the_tale_of_gamelyn,8059,8076
25502,the_tale_of_gamelyn,8080,8091
25502,the_tale_of_gamelyn,8094,8117
25502,the_tale_of_gamelyn,8121,8129
25502,the_tale_of_gamelyn,8133,8142
25502,the_tale_of_gamelyn,8146,8156
25502,the_tale_of_gamelyn,8160,8188
25502,the_tale_of_gamelyn,8192,8201
25502,the_tale_of_gamelyn,8205,8225
25502,the_tale_of_gamelyn,8229,8247
25502,the_tale_of_gamelyn,8253,8264
25502,the_tale_of_gamelyn,8268,8278
25502,the_tale_of_gamelyn,8287,8307
25502,the_tale_of_gamelyn,8311,8319
25502,the_tale_of_gamelyn,8323,8338
25502,the_tale_of_gamelyn,8342,8353
25502,the_tale_of_gamelyn,8357,8391
25502,the_tale_of_gamelyn,8395,8414
25502,the_tale_of_gamelyn,8418,8437
25502,the_tale_of_gamelyn,8441,8457
25502,the_tale_of_gamelyn,8461,8478
25502,the_tale_of_gamelyn,8482,8497
25502,the_tale_of_gamelyn,8501,8535
25502,the_tale_of_gamelyn,8538,8543
25502,the_tale_of_gamelyn,8547,8559
25502,the_tale_of_gamelyn,8563,8590
25502,the_tale_of_gamelyn,8594,8608
25502,the_tale_of_gamelyn,8612,8621
25502,the_tale_of_gamelyn,8624,8628
25502,the_tale_of_gamelyn,8632,8657
25502,the_tale_of_gamelyn,8661,8675
25502,the_tale_of_gamelyn,8679,8703
25502,the_tale_of_gamelyn,8707,8722
25502,the_tale_of_gamelyn,8726,8741
25502,the_tale_of_gamelyn,8745,8756
25502,the_tale_of_gamelyn,8762,8781
25502,the_tale_of_gamelyn,8785,8810
25502,the_tale_of_gamelyn,8814,8829
25502,the_tale_of_gamelyn,8833,8846
25502,the_tale_of_gamelyn,8850,8876
25502,the_tale_of_gamelyn,8880,8896
25502,the_tale_of_gamelyn,8900,8926
25502,the_tale_of_gamelyn,8930,8951
25502,the_tale_of_gamelyn,8955,8969
25502,the_tale_of_gamelyn,8973,8989
25502,the_tale_of_gamelyn,8995,9006
25502,the_tale_of_gamelyn,9010,9027
25502,black_colin_of_loch_lane,9036,9059
25502,black_colin_of_loch_lane,9063,9077
25502,black_colin_of_loch_lane,9081,9095
25502,black_colin_of_loch_lane,9099,9113
25502,black_colin_of_loch_lane,9117,9138
25502,black_colin_of_loch_lane,9142,9154
25502,black_colin_of_loch_lane,9158,9166
25502,black_colin_of_loch_lane,9169,9186
25502,black_colin_of_loch_lane,9190,9204
25502,black_colin_of_loch_lane,9208,9224
25502,black_colin_of_loch_lane,9228,9252
25502,black_colin_of_loch_lane,9256,9268
25502,black_colin_of_loch_lane,9272,9297
25502,black_colin_of_loch_lane,9301,9324
25502,black_colin_of_loch_lane,9328,9349
25502,black_colin_of_loch_lane,9353,9370
25502,black_colin_of_loch_lane,9374,9411
25502,black_colin_of_loch_lane,9415,9429
25502,black_colin_of_loch_lane,9433,9448
25502,black_colin_of_loch_lane,9452,9464
25502,black_colin_of_loch_lane,9468,9479
25502,black_colin_of_loch_lane,9483,9498
25502,black_colin_of_loch_lane,9502,9523
25502,black_colin_of_loch_lane,9527,9552
25502,the_marriage_of_sir_gawayne,9593,9610
25502,the_marriage_of_sir_gawayne,9614,9631
25502,the_marriage_of_sir_gawayne,9635,9671
25502,the_marriage_of_sir_gawayne,9675,9689
25502,the_marriage_of_sir_gawayne,9693,9698
25502,the_marriage_of_sir_gawayne,9701,9706
25502,the_marriage_of_sir_gawayne,9710,9727
25502,the_marriage_of_sir_gawayne,9731,9748
25502,the_marriage_of_sir_gawayne,9752,9775
25502,the_marriage_of_sir_gawayne,9779,9795
25502,the_marriage_of_sir_gawayne,9799,9820
25502,the_marriage_of_sir_gawayne,9824,9843
25502,the_marriage_of_sir_gawayne,9847,9868
25502,the_marriage_of_sir_gawayne,9872,9898
25502,the_marriage_of_sir_gawayne,9902,9920
25502,the_marriage_of_sir_gawayne,9924,9945
25502,the_marriage_of_sir_gawayne,9949,9978
25502,the_marriage_of_sir_gawayne,9982,10004
25502,the_marriage_of_sir_gawayne,10008,10019
25502,the_marriage_of_sir_gawayne,10023,10037
25502,the_marriage_of_sir_gawayne,10041,10061
25502,the_marriage_of_sir_gawayne,10065,10084
25502,the_marriage_of_sir_gawayne,10088,10107
25502,the_marriage_of_sir_gawayne,10111,10124
25502,the_marriage_of_sir_gawayne,10128,10145
25502,the_marriage_of_sir_gawayne,10151,10176
25502,king_horn,10210,10224
25502,king_horn,10228,10252
25502,king_horn,10258,10275
25502,king_horn,10279,10296
25502,king_horn,10313,10316
25502,king_horn,10320,10341
25502,king_horn,10345,10356
25502,king_horn,10360,10377
25502,king_horn,10381,10396
25502,king_horn,10400,10427
25502,king_horn,10431,10453
25502,king_horn,10457,10475
25502,king_horn,10479,10516
25502,king_horn,10520,10538
25502,king_horn,10542,10573
25502,king_horn,10577,10602
25502,king_horn,10608,10624
25502,king_horn,10628,10652
25502,king_horn,10656,10670
25502,king_horn,10674,10705
25502,king_horn,10709,10726
25502,king_horn,10730,10753
25502,king_horn,10757,10773
25502,king_horn,10777,10793
25502,king_horn,10797,10810
25502,king_horn,10814,10844
25502,king_horn,10848,10876
25502,king_horn,10880,10899
25502,king_horn,10903,10922
25502,king_horn,10926,10944
25502,king_horn,10948,10962
25502,king_horn,10966,10979
25502,king_horn,10983,10996
25502,king_horn,11000,11013
25502,king_horn,11017,11039
25502,king_horn,11045,11064
25502,robin_hood,11100,11131
25502,robin_hood,11135,11154
25502,robin_hood,11158,11171
25502,robin_hood,11177,11191
25502,robin_hood,11195,11209
25502,robin_hood,11213,11226
25502,robin_hood,11230,11241
25502,robin_hood,11247,11267
25502,robin_hood,11271,11288
25502,robin_hood,11292,11307
25502,robin_hood,11311,11325
25502,robin_hood,11329,11342
25502,robin_hood,11346,11355
25502,robin_hood,11359,11371
25502,robin_hood,11375,11391
25502,robin_hood,11395,11401
25502,robin_hood,11405,11431
25502,robin_hood,11435,11446
25502,robin_hood,11450,11463
25502,robin_hood,11469,11480
25502,robin_hood,11484,11496
25502,robin_hood,11500,11519
25502,robin_hood,11523,11535
25502,robin_hood,11539,11556
25502,robin_hood,11560,11570
25502,robin_hood,11574,11586
25502,robin_hood,11590,11607
25502,robin_hood,11613,11623
25502,robin_hood,11627,11639
25502,robin_hood,11643,11654
25502,robin_hood,11658,11667
25502,robin_hood,11671,11680
25502,robin_hood,11684,11702
25502,hereward_the_wake,11746,11768
25502,hereward_the_wake,11774,11786
25502,hereward_the_wake,11790,11800
25502,hereward_the_wake,11804,11822
25502,hereward_the_wake,11826,11838
25502,hereward_the_wake,11842,11852
25502,hereward_the_wake,11856,11877
25502,hereward_the_wake,11881,11900
25502,hereward_the_wake,11904,11916
25502,hereward_the_wake,11920,11941
25502,hereward_the_wake,11947,11977
25502,hereward_the_wake,11981,11993
25502,hereward_the_wake,11997,12010
25502,hereward_the_wake,12014,12031
25502,hereward_the_wake,12035,12059
25502,hereward_the_wake,12065,12075
25502,hereward_the_wake,12079,12101
25502,hereward_the_wake,12105,12116
25502,hereward_the_wake,12120,12137
25502,hereward_the_wake,12141,12152
25502,hereward_the_wake,12158,12170
25502,hereward_the_wake,12174,12188
25502,hereward_the_wake,12192,12211
25502,hereward_the_wake,12215,12230
25502,hereward_the_wake,12234,12257
25555,the_two_brothers,252,285
25555,the_two_brothers,288,370
25555,time_and_the_kings_of_the_elements,382,454
25555,time_and_the_kings_of_the_elements,457,505
25555,the_twelve_months,517,696
25555,the_twelve_months,699,789
25555,the_sun_or_the_three_golden_hairs_of_the_old_man_vsevede,804,908
25555,the_sun_or_the_three_golden_hairs_of_the_old_man_vsevede,911,1110
25555,the_sun_or_the_three_golden_hairs_of_the_old_man_vsevede,1113,1189
25555,the_sovereign_of_the_mineral_kingdom,1208,1321
25555,the_sovereign_of_the_mineral_kingdom,1324,1388
25555,the_lost_child,1399,1522
25555,the_lost_child,1525,1589
25555,the_lost_child,1592,1632
25555,the_maid_with_hair_of_gold,1646,1819
25555,the_maid_with_hair_of_gold,1822,2009
25555,the_maid_with_hair_of_gold,2012,2024
25555,the_journey_to_the_sun_and_the_moon,2038,2137
25555,the_journey_to_the_sun_and_the_moon,2140,2181
25555,the_dwarf_with_the_long_beard,2195,2345
25555,the_dwarf_with_the_long_beard,2348,2467
25555,the_dwarf_with_the_long_beard,2470,2536
25555,the_flying_carpet_the_invisible_cap,2552,2654
25555,the_flying_carpet_the_invisible_cap,2657,2920
25555,the_flying_carpet_the_invisible_cap,2923,3104
25555,the_flying_carpet_the_invisible_cap,3107,3313
25555,the_broad_man_the_tall_man_and_the_man_with_eyes_of_flame,3327,3442
25555,the_broad_man_the_tall_man_and_the_man_with_eyes_of_flame,3445,3645
25555,the_broad_man_the_tall_man_and_the_man_with_eyes_of_flame,3648,3661
25555,the_history_of_prince_slugobyl_or_the_invisible_knight,3675,3769
25555,the_history_of_prince_slugobyl_or_the_invisible_knight,3772,3868
25555,the_spirit_of_the_steppes,3882,3989
25555,the_spirit_of_the_steppes,3992,4232
25555,the_spirit_of_the_steppes,4235,4326
25555,the_prince_with_the_golden_hand,4340,4432
25555,the_prince_with_the_golden_hand,4435,4614
25555,the_prince_with_the_golden_hand,4617,4849
25555,imperishable,4861,5015
25555,imperishable,5018,5197
25555,imperishable,5200,5403
25555,imperishable,5406,5521
25555,imperishable,5524,5627
25555,ohnivak,5639,5741
25555,ohnivak,5744,6000
25555,ohnivak,6003,6192
25555,ohnivak,6195,6236
25555,tears_of_pearls,6250,6429
25555,tears_of_pearls,6432,6545
25555,tears_of_pearls,6548,6564
25555,the_sluggard,6578,6760
25555,the_sluggard,6763,6805
25555,kinkach_martinko,6819,6940
25555,kinkach_martinko,6943,6987
25555,the_story_of_the_plentiful_tablecloth,7003,7076
25555,the_story_of_the_plentiful_tablecloth,7079,7547
